{"stats":{"minecraft:mined":{"minecraft:jungle_leaves":3,"minecraft:torch":3,"minecraft:grass":3,"minecraft:grass_block":3,"minecraft:melon":1,"minecraft:vine":3,"minecraft:jungle_log":4,"minecraft:dirt":6,"minecraft:stone":36,"minecraft:orange_bed":1,"minecraft:fern":1},"minecraft:picked_up":{"minecraft:cocoa_beans":12,"minecraft:cooked_beef":3,"minecraft:jungle_log":4,"minecraft:torch":3,"minecraft:dirt":9,"minecraft:string":2,"minecraft:orange_bed":1,"minecraft:rotten_flesh":1,"minecraft:melon_slice":7,"minecraft:cobblestone":19},"minecraft:killed":{"minecraft:zombie":1},"minecraft:dropped":{"minecraft:cocoa_beans":6,"minecraft:rotten_flesh":1},"minecraft:used":{"minecraft:bread":3,"minecraft:iron_pickaxe":36,"minecraft:iron_sword":16,"minecraft:orange_bed":1,"minecraft:torch":2,"minecraft:dirt":9,"alexsmobs:animal_dictionary":1,"minecraft:cooked_beef":2},"minecraft:custom":{"minecraft:time_since_rest":9209,"minecraft:interact_with_furnace":3,"minecraft:sprint_one_cm":61770,"minecraft:damage_taken":195,"minecraft:walk_one_cm":34096,"minecraft:mob_kills":1,"minecraft:drop":2,"minecraft:damage_dealt":198,"minecraft:interact_with_crafting_table":3,"minecraft:fly_one_cm":84488,"minecraft:open_chest":7,"minecraft:crouch_one_cm":1462,"minecraft:play_time":24297,"minecraft:sneak_time":220,"minecraft:bell_ring":4,"minecraft:jump":385,"minecraft:leave_game":2,"minecraft:time_since_death":24297,"minecraft:walk_on_water_one_cm":1073,"minecraft:sleep_in_bed":2,"minecraft:total_world_time":24297,"minecraft:climb_one_cm":16551,"minecraft:fall_one_cm":9526},"minecraft:crafted":{"minecraft:stick":32,"minecraft:iron_ingot":11,"minecraft:iron_pickaxe":1,"minecraft:iron_sword":1,"minecraft:jungle_planks":16}},"DataVersion":3465}