{"stats":{"minecraft:mined":{"minecraft:grass":2,"minecraft:vine":3,"minecraft:jungle_log":4,"minecraft:jungle_leaves":3,"minecraft:fern":1,"minecraft:orange_bed":1},"minecraft:picked_up":{"minecraft:cocoa_beans":12,"minecraft:orange_bed":1,"minecraft:cooked_beef":3,"minecraft:jungle_log":4,"minecraft:string":2},"minecraft:dropped":{"minecraft:cocoa_beans":6},"minecraft:used":{"minecraft:orange_bed":1,"alexsmobs:animal_dictionary":1,"minecraft:cooked_beef":1},"minecraft:custom":{"minecraft:time_since_rest":11757,"minecraft:crouch_one_cm":385,"minecraft:sprint_one_cm":28962,"minecraft:play_time":13576,"minecraft:damage_taken":60,"minecraft:walk_one_cm":9615,"minecraft:bell_ring":1,"minecraft:sneak_time":50,"minecraft:drop":1,"minecraft:jump":162,"minecraft:leave_game":1,"minecraft:walk_on_water_one_cm":784,"minecraft:time_since_death":13576,"minecraft:sleep_in_bed":1,"minecraft:climb_one_cm":8451,"minecraft:total_world_time":13576,"minecraft:fall_one_cm":6273,"minecraft:fly_one_cm":40769},"minecraft:crafted":{"minecraft:stick":32,"minecraft:jungle_planks":16}},"DataVersion":3465}