{"stats":{"minecraft:custom":{"minecraft:interact_with_furnace":5,"minecraft:mob_kills":6,"minecraft:interact_with_crafting_table":11,"minecraft:interact_with_cartography_table":1,"minecraft:interact_with_campfire":10,"minecraft:time_since_death":32676,"minecraft:sleep_in_bed":4,"minecraft:climb_one_cm":10822,"minecraft:time_since_rest":6707,"minecraft:sprint_one_cm":252482,"minecraft:damage_taken":851,"minecraft:walk_one_cm":250559,"minecraft:drop":102,"minecraft:damage_dealt":1951,"minecraft:swim_one_cm":2067,"minecraft:fly_one_cm":48441,"minecraft:open_chest":14,"minecraft:crouch_one_cm":4308,"minecraft:play_time":65452,"minecraft:deaths":1,"minecraft:sneak_time":1058,"minecraft:walk_under_water_one_cm":1516,"minecraft:jump":534,"minecraft:walk_on_water_one_cm":4315,"minecraft:total_world_time":65452,"minecraft:fall_one_cm":15981},"minecraft:crafted":{"minecraft:wooden_sword":1,"minecraft:oak_planks":20,"minecraft:crafting_table":1,"minecraft:wooden_pickaxe":1,"minecraft:iron_sword":1,"minecraft:bread":37,"minecraft:iron_axe":1,"minecraft:stick":16,"minecraft:iron_ingot":12,"minecraft:iron_pickaxe":1,"minecraft:stone_pickaxe":1,"minecraft:stone_sword":1,"minecraft:acacia_planks":4,"minecraft:torch":2,"minecraft:wheat":250},"minecraft:broken":{"minecraft:stone_sword":1},"minecraft:picked_up":{"minecraft:crafting_table":1,"minecraft:cooked_beef":9,"minecraft:chest_minecart":1,"alexsmobs:acacia_blossom":2,"minecraft:wooden_pickaxe":1,"minecraft:acacia_wood":1,"minecraft:oak_log":5,"minecraft:dirt":9,"minecraft:cooked_mutton":8,"minecraft:bone":8,"butchersdelight:cleaver":3,"butchersdelight:dead_cow":5,"minecraft:stone_bricks":1,"minecraft:activator_rail":2,"minecraft:wheat_seeds":14,"minecraft:cartography_table":1,"minecraft:raw_gold":1,"minecraft:beef":9,"minecraft:melon_slice":47,"minecraft:acacia_sapling":8,"minecraft:egg":4,"minecraft:stick":3,"minecraft:raw_iron":23,"minecraft:acacia_log":14,"butchersdelight:skullcow":1,"butchersdelight:cow_hide":5,"minecraft:diorite":2,"minecraft:pointed_dripstone":2,"minecraft:orange_bed":1,"butchersdelight:deadsheep":1,"minecraft:arrow":3,"minecraft:rotten_flesh":4,"minecraft:hay_block":30,"alexsmobs:emu_egg":5,"minecraft:mutton":1,"minecraft:white_wool":2,"minecraft:coal":7,"minecraft:cobblestone":14},"minecraft:killed_by":{"minecraft:skeleton":1},"minecraft:killed":{"alexsmobs:raccoon":1,"minecraft:spider":1,"minecraft:sheep":1,"minecraft:skeleton":3},"minecraft:used":{"minecraft:cooked_mutton":1,"minecraft:stone_sword":143,"minecraft:stone_pickaxe":54,"minecraft:wooden_pickaxe":13,"minecraft:dirt":7,"minecraft:orange_bed":1,"minecraft:torch":34,"minecraft:crafting_table":2,"minecraft:acacia_sapling":8,"minecraft:iron_axe":14,"minecraft:melon_slice":37,"minecraft:bread":4,"minecraft:wooden_sword":23,"minecraft:cobblestone":1},"minecraft:dropped":{"minecraft:bread":21,"butchersdelight:dead_cow":4,"minecraft:wheat_seeds":11,"alexsmobs:acacia_blossom":2,"butchersdelight:deadsheep":1,"butchersdelight:cleaver":3,"minecraft:raw_iron":23,"minecraft:pointed_dripstone":2,"minecraft:cobblestone":8,"minecraft:rotten_flesh":4,"minecraft:chest_minecart":1,"minecraft:activator_rail":2,"alexsmobs:emu_egg":2,"minecraft:dirt":2,"butchersdelight:skullcow":1,"minecraft:diorite":2,"minecraft:melon_seeds":3,"minecraft:melon_slice":2,"minecraft:wooden_sword":1,"minecraft:stone_bricks":1,"minecraft:wooden_pickaxe":2,"minecraft:white_wool":1,"butchersdelight:cow_hide":4},"minecraft:mined":{"minecraft:crafting_table":1,"gravestone:gravestone":1,"minecraft:acacia_log":14,"minecraft:grass_block":8,"minecraft:melon":10,"minecraft:tall_grass":4,"minecraft:cobblestone":1,"minecraft:diorite":6,"minecraft:hay_block":31,"minecraft:iron_ore":23,"minecraft:wheat":1,"minecraft:acacia_wood":1,"minecraft:oak_log":5,"minecraft:grass":27,"minecraft:pointed_dripstone":3,"minecraft:coal_ore":7,"minecraft:dirt":1,"minecraft:dripstone_block":1,"minecraft:stone":13,"minecraft:stone_bricks":1,"minecraft:orange_bed":1}},"DataVersion":3465}