{"stats":{"minecraft:custom":{"minecraft:mob_kills":3,"minecraft:interact_with_crafting_table":5,"minecraft:interact_with_cartography_table":1,"minecraft:time_since_death":8676,"minecraft:sleep_in_bed":2,"minecraft:climb_one_cm":2846,"minecraft:time_since_rest":8781,"minecraft:sprint_one_cm":158678,"minecraft:damage_taken":706,"minecraft:walk_one_cm":167461,"minecraft:drop":50,"minecraft:damage_dealt":1301,"minecraft:swim_one_cm":1465,"minecraft:fly_one_cm":24581,"minecraft:open_chest":4,"minecraft:crouch_one_cm":2658,"minecraft:play_time":41452,"minecraft:deaths":1,"minecraft:sneak_time":517,"minecraft:walk_under_water_one_cm":440,"minecraft:jump":388,"minecraft:walk_on_water_one_cm":2894,"minecraft:total_world_time":41452,"minecraft:fall_one_cm":12289},"minecraft:crafted":{"minecraft:wooden_sword":1,"minecraft:oak_planks":20,"minecraft:crafting_table":1,"minecraft:wooden_pickaxe":1,"minecraft:bread":37,"minecraft:stick":14,"minecraft:stone_pickaxe":1,"minecraft:stone_sword":1,"minecraft:torch":2,"minecraft:wheat":191},"minecraft:picked_up":{"minecraft:crafting_table":1,"minecraft:chest_minecart":1,"minecraft:wooden_pickaxe":1,"minecraft:acacia_wood":1,"minecraft:oak_log":5,"minecraft:dirt":2,"minecraft:bone":2,"minecraft:stone_bricks":1,"minecraft:activator_rail":2,"minecraft:wheat_seeds":10,"minecraft:cartography_table":1,"minecraft:melon_slice":47,"minecraft:raw_iron":23,"minecraft:acacia_log":2,"minecraft:diorite":2,"minecraft:pointed_dripstone":2,"minecraft:orange_bed":1,"minecraft:arrow":3,"minecraft:rotten_flesh":4,"minecraft:hay_block":23,"alexsmobs:emu_egg":4,"minecraft:coal":7,"minecraft:cobblestone":14},"minecraft:killed":{"minecraft:skeleton":3},"minecraft:killed_by":{"minecraft:skeleton":1},"minecraft:used":{"minecraft:stone_sword":85,"minecraft:stone_pickaxe":46,"minecraft:wooden_pickaxe":13,"minecraft:orange_bed":1,"minecraft:torch":34,"minecraft:crafting_table":2,"minecraft:melon_slice":22,"minecraft:bread":4,"minecraft:wooden_sword":23,"minecraft:cobblestone":1},"minecraft:dropped":{"minecraft:bread":21,"minecraft:wheat_seeds":10,"minecraft:cobblestone":2,"minecraft:chest_minecart":1,"minecraft:activator_rail":2,"alexsmobs:emu_egg":2,"minecraft:dirt":2,"minecraft:diorite":2,"minecraft:melon_seeds":3,"minecraft:melon_slice":2,"minecraft:wooden_sword":1,"minecraft:stone_bricks":1,"minecraft:wooden_pickaxe":2},"minecraft:mined":{"minecraft:crafting_table":1,"gravestone:gravestone":1,"minecraft:acacia_log":2,"minecraft:grass_block":2,"minecraft:melon":10,"minecraft:tall_grass":1,"minecraft:cobblestone":1,"minecraft:diorite":6,"minecraft:hay_block":24,"minecraft:iron_ore":23,"minecraft:wheat":1,"minecraft:acacia_wood":1,"minecraft:oak_log":5,"minecraft:grass":10,"minecraft:pointed_dripstone":3,"minecraft:coal_ore":7,"minecraft:dripstone_block":1,"minecraft:stone":13,"minecraft:stone_bricks":1,"minecraft:orange_bed":1}},"DataVersion":3465}