{"stats":{"minecraft:crafted":{"minecraft:wooden_sword":1,"minecraft:oak_planks":20,"minecraft:crafting_table":1,"minecraft:stick":2,"minecraft:wooden_pickaxe":1},"minecraft:used":{"minecraft:crafting_table":1,"minecraft:bread":3,"minecraft:wooden_pickaxe":2},"minecraft:picked_up":{"minecraft:crafting_table":1,"minecraft:wheat_seeds":5,"minecraft:oak_log":5},"minecraft:mined":{"minecraft:hay_block":1,"minecraft:oak_log":5,"minecraft:crafting_table":1},"minecraft:custom":{"minecraft:open_chest":1,"minecraft:time_since_rest":3332,"minecraft:play_time":11647,"minecraft:sprint_one_cm":58336,"minecraft:damage_taken":100,"minecraft:walk_one_cm":37520,"minecraft:walk_under_water_one_cm":54,"minecraft:jump":85,"minecraft:time_since_death":11647,"minecraft:walk_on_water_one_cm":1528,"minecraft:sleep_in_bed":1,"minecraft:total_world_time":11647,"minecraft:fall_one_cm":2545,"minecraft:interact_with_crafting_table":1,"minecraft:swim_one_cm":1465,"minecraft:fly_one_cm":8125}},"DataVersion":3465}