{"stats":{"minecraft:killed":{"minecraft:skeleton":1},"minecraft:crafted":{"minecraft:wooden_sword":1,"minecraft:oak_planks":20,"minecraft:crafting_table":1,"minecraft:stick":14,"minecraft:wooden_pickaxe":1,"minecraft:stone_pickaxe":1,"minecraft:stone_sword":1,"minecraft:torch":2,"minecraft:bread":27,"minecraft:wheat":191},"minecraft:used":{"minecraft:stone_sword":37,"minecraft:bread":3,"minecraft:melon_slice":9,"minecraft:stone_pickaxe":13,"minecraft:wooden_pickaxe":13,"minecraft:torch":4,"minecraft:wooden_sword":23,"minecraft:crafting_table":2},"minecraft:dropped":{"minecraft:wooden_sword":1,"minecraft:wooden_pickaxe":2},"minecraft:picked_up":{"minecraft:crafting_table":1,"minecraft:chest_minecart":1,"minecraft:wooden_pickaxe":1,"minecraft:oak_log":5,"minecraft:diorite":2,"minecraft:dirt":2,"minecraft:arrow":1,"minecraft:stone_bricks":1,"minecraft:activator_rail":2,"minecraft:wheat_seeds":8,"minecraft:hay_block":23,"minecraft:melon_slice":45,"minecraft:coal":7,"minecraft:cobblestone":7},"minecraft:mined":{"minecraft:hay_block":24,"minecraft:wheat":1,"minecraft:crafting_table":1,"minecraft:grass":6,"minecraft:grass_block":2,"minecraft:pointed_dripstone":2,"minecraft:oak_log":5,"minecraft:coal_ore":7,"minecraft:melon":10,"minecraft:dripstone_block":1,"minecraft:tall_grass":1,"minecraft:stone_bricks":1,"minecraft:stone":7,"minecraft:diorite":6},"minecraft:custom":{"minecraft:time_since_rest":15332,"minecraft:sprint_one_cm":95343,"minecraft:damage_taken":341,"minecraft:walk_one_cm":77003,"minecraft:mob_kills":1,"minecraft:drop":3,"minecraft:damage_dealt":502,"minecraft:swim_one_cm":1465,"minecraft:interact_with_crafting_table":4,"minecraft:interact_with_cartography_table":1,"minecraft:fly_one_cm":13903,"minecraft:open_chest":2,"minecraft:play_time":23647,"minecraft:sneak_time":30,"minecraft:walk_under_water_one_cm":54,"minecraft:jump":194,"minecraft:walk_on_water_one_cm":1618,"minecraft:time_since_death":23647,"minecraft:sleep_in_bed":1,"minecraft:climb_one_cm":1998,"minecraft:total_world_time":23647,"minecraft:fall_one_cm":4774}},"DataVersion":3465}