{"stats":{"minecraft:killed":{"alexsmobs:raccoon":2,"minecraft:creeper":1,"minecraft:sheep":1,"minecraft:skeleton":2},"minecraft:crafted":{"minecraft:oak_planks":12,"minecraft:wooden_shovel":1,"minecraft:crafting_table":3,"minecraft:wooden_pickaxe":1,"minecraft:stone_axe":1,"minecraft:stick":4,"minecraft:stone_pickaxe":1,"minecraft:wooden_axe":2,"minecraft:stone_sword":1,"minecraft:acacia_planks":28},"minecraft:used":{"minecraft:stone_sword":13,"minecraft:stone_pickaxe":62,"minecraft:wooden_pickaxe":20,"minecraft:wooden_shovel":15,"minecraft:dirt":30,"minecraft:crafting_table":3,"minecraft:red_bed":1,"minecraft:oak_log":4,"minecraft:wooden_axe":134,"minecraft:apple":4,"minecraft:melon_slice":16,"minecraft:stone_axe":3,"minecraft:cobblestone":5,"alexsmobs:animal_dictionary":2,"minecraft:acacia_planks":9},"minecraft:dropped":{"patchouli:guide_book":1},"minecraft:picked_up":{"minecraft:birch_log":6,"minecraft:andesite":7,"minecraft:oak_log":86,"minecraft:dirt":33,"minecraft:red_bed":1,"minecraft:raw_copper":14,"minecraft:bone":2,"minecraft:acacia_planks":1,"butchersdelight:dead_cow":2,"minecraft:apple":4,"minecraft:wheat_seeds":3,"minecraft:tnt_minecart":1,"minecraft:melon_slice":50,"minecraft:birch_sapling":5,"minecraft:acacia_sapling":1,"minecraft:egg":1,"minecraft:stick":20,"minecraft:acacia_log":7,"minecraft:dripstone_block":1,"minecraft:pointed_dripstone":7,"minecraft:diorite":21,"minecraft:arrow":1,"butchersdelight:deadsheep":1,"alexsmobs:emu_egg":1,"minecraft:oak_sapling":44,"minecraft:white_wool":1,"minecraft:cobblestone":48},"minecraft:mined":{"minecraft:red_bed":1,"minecraft:acacia_log":7,"minecraft:grass_block":14,"minecraft:melon":10,"minecraft:copper_ore":4,"minecraft:cobblestone":2,"minecraft:diorite":17,"minecraft:birch_log":6,"minecraft:andesite":7,"minecraft:grass":6,"minecraft:pointed_dripstone":3,"minecraft:oak_log":86,"minecraft:dripstone_block":1,"minecraft:dirt":20,"minecraft:acacia_planks":1,"minecraft:stone":48,"minecraft:oak_leaves":2},"minecraft:broken":{"minecraft:wooden_axe":2},"minecraft:custom":{"minecraft:mob_kills":6,"minecraft:interact_with_crafting_table":6,"minecraft:leave_game":3,"minecraft:time_since_death":43901,"minecraft:sleep_in_bed":1,"minecraft:climb_one_cm":2158,"minecraft:time_since_rest":15332,"minecraft:sprint_one_cm":87600,"minecraft:damage_taken":395,"minecraft:walk_one_cm":127305,"minecraft:drop":1,"minecraft:damage_dealt":796,"minecraft:swim_one_cm":375,"minecraft:fly_one_cm":47653,"minecraft:crouch_one_cm":850,"minecraft:play_time":43901,"minecraft:sneak_time":376,"minecraft:walk_under_water_one_cm":87,"minecraft:jump":474,"minecraft:walk_on_water_one_cm":2663,"minecraft:total_world_time":43901,"minecraft:fall_one_cm":8127}},"DataVersion":3465}