{"stats":{"minecraft:killed":{"minecraft:sheep":1},"minecraft:crafted":{"minecraft:oak_planks":12,"minecraft:wooden_shovel":1,"minecraft:crafting_table":2,"minecraft:stick":4,"minecraft:wooden_pickaxe":1,"minecraft:wooden_axe":2,"minecraft:acacia_planks":28},"minecraft:used":{"minecraft:wooden_axe":134,"minecraft:apple":4,"minecraft:melon_slice":7,"minecraft:wooden_pickaxe":9,"minecraft:wooden_shovel":12,"minecraft:dirt":16,"minecraft:crafting_table":2,"minecraft:red_bed":1,"alexsmobs:animal_dictionary":2},"minecraft:picked_up":{"minecraft:birch_log":6,"minecraft:stick":20,"minecraft:acacia_log":7,"minecraft:oak_log":84,"minecraft:dirt":30,"minecraft:red_bed":1,"butchersdelight:deadsheep":1,"butchersdelight:dead_cow":2,"minecraft:apple":4,"minecraft:wheat_seeds":3,"minecraft:oak_sapling":44,"minecraft:melon_slice":50,"minecraft:birch_sapling":5,"minecraft:acacia_sapling":1,"minecraft:white_wool":1,"minecraft:cobblestone":9},"minecraft:mined":{"minecraft:red_bed":1,"minecraft:birch_log":6,"minecraft:grass":6,"minecraft:acacia_log":7,"minecraft:grass_block":11,"minecraft:oak_log":84,"minecraft:melon":10,"minecraft:dirt":20,"minecraft:stone":9,"minecraft:oak_leaves":2},"minecraft:broken":{"minecraft:wooden_axe":2},"minecraft:custom":{"minecraft:time_since_rest":3332,"minecraft:sprint_one_cm":58942,"minecraft:damage_taken":150,"minecraft:walk_one_cm":70025,"minecraft:mob_kills":1,"minecraft:damage_dealt":281,"minecraft:swim_one_cm":375,"minecraft:interact_with_crafting_table":3,"minecraft:fly_one_cm":33484,"minecraft:crouch_one_cm":312,"minecraft:play_time":31901,"minecraft:sneak_time":266,"minecraft:walk_under_water_one_cm":87,"minecraft:jump":271,"minecraft:leave_game":3,"minecraft:time_since_death":31901,"minecraft:walk_on_water_one_cm":1794,"minecraft:sleep_in_bed":1,"minecraft:total_world_time":31901,"minecraft:fall_one_cm":5682}},"DataVersion":3465}