{"stats":{"minecraft:custom":{"minecraft:mob_kills":22,"minecraft:interact_with_crafting_table":22,"minecraft:interact_with_campfire":11,"minecraft:leave_game":3,"minecraft:time_since_death":85705,"minecraft:climb_one_cm":11608,"minecraft:sprint_one_cm":206538,"minecraft:walk_one_cm":270153,"minecraft:drop":12,"minecraft:play_time":85705,"minecraft:sneak_time":640,"minecraft:walk_under_water_one_cm":2081,"minecraft:jump":871,"minecraft:walk_on_water_one_cm":5424,"minecraft:total_world_time":85705,"minecraft:interact_with_furnace":11,"minecraft:sleep_in_bed":4,"minecraft:time_since_rest":6707,"minecraft:damage_taken":838,"minecraft:damage_dealt":2859,"minecraft:swim_one_cm":375,"minecraft:fly_one_cm":119463,"minecraft:open_chest":7,"minecraft:crouch_one_cm":1205,"minecraft:fall_one_cm":19787},"minecraft:crafted":{"minecraft:oak_planks":28,"minecraft:iron_nugget":18,"minecraft:furnace":3,"minecraft:bone_meal":15,"butchersdelight:rack":1,"butchersdelight:roaster":1,"minecraft:stone_pickaxe":1,"minecraft:chest":1,"aquaculture:wooden_fillet_knife":1,"minecraft:wooden_shovel":1,"butchersdelight:hook":2,"minecraft:crafting_table":6,"minecraft:wooden_pickaxe":1,"butchersdelight:cleaver":1,"minecraft:birch_planks":24,"minecraft:campfire":1,"minecraft:stone_axe":1,"minecraft:oak_boat":1,"minecraft:charcoal":5,"minecraft:stick":24,"minecraft:iron_ingot":14,"minecraft:iron_pickaxe":1,"minecraft:wooden_axe":2,"minecraft:stone_sword":1,"minecraft:white_bed":1,"minecraft:acacia_planks":28},"minecraft:broken":{"minecraft:wooden_axe":2},"minecraft:picked_up":{"minecraft:wheat":1,"minecraft:chest_minecart":1,"minecraft:string":3,"minecraft:red_bed":2,"minecraft:raw_copper":14,"butchersdelight:dead_cow":6,"butchersdelight:cleaver":1,"minecraft:cracked_stone_bricks":2,"minecraft:tnt_minecart":1,"minecraft:cobbled_deepslate":4,"minecraft:beef":11,"minecraft:melon_slice":50,"minecraft:sugar_cane":6,"minecraft:chest":1,"minecraft:birch_sapling":5,"minecraft:egg":1,"minecraft:furnace":1,"minecraft:raw_iron":49,"minecraft:stick":22,"minecraft:torch":2,"minecraft:acacia_log":7,"minecraft:pointed_dripstone":24,"minecraft:diorite":25,"minecraft:redstone":10,"minecraft:arrow":1,"butchersdelight:deadsheep":5,"minecraft:rotten_flesh":6,"alexsmobs:emu_egg":2,"minecraft:mutton":3,"minecraft:rail":2,"minecraft:white_wool":3,"minecraft:cobblestone":58,"minecraft:birch_log":6,"minecraft:cooked_beef":8,"minecraft:salmon":3,"minecraft:andesite":7,"alexsmobs:acacia_blossom":1,"minecraft:acacia_wood":1,"minecraft:oak_log":86,"minecraft:gunpowder":1,"butchersdelight:rack":1,"minecraft:map":2,"minecraft:dirt":33,"minecraft:cooked_mutton":10,"minecraft:bone":8,"minecraft:stone_bricks":1,"minecraft:acacia_planks":1,"minecraft:apple":4,"minecraft:wheat_seeds":15,"minecraft:raw_gold":4,"minecraft:iron_ingot":1,"minecraft:oak_planks":8,"minecraft:acacia_sapling":1,"patchouli:guide_book":1,"minecraft:dandelion":1,"minecraft:dripstone_block":6,"butchersdelight:skullcow":5,"butchersdelight:cow_hide":5,"butchersdelight:sheephide":1,"minecraft:granite":1,"minecraft:bone_meal":1,"minecraft:bread":21,"minecraft:oak_sapling":44,"minecraft:brown_banner":1,"minecraft:coal":8},"minecraft:killed":{"alexsmobs:raccoon":2,"minecraft:skeleton":2,"minecraft:salmon":3,"minecraft:creeper":3,"alexsmobs:emu":1,"minecraft:sheep":3,"minecraft:zombie":7,"alexsmobs:terrapin":1},"minecraft:used":{"minecraft:stone_sword":65,"minecraft:chest":2,"butchersdelight:hook":2,"minecraft:wooden_shovel":15,"minecraft:torch":1,"minecraft:dirt":30,"minecraft:wooden_axe":134,"butchersdelight:cleaver":1,"minecraft:furnace":4,"minecraft:cooked_beef":1,"minecraft:acacia_planks":10,"minecraft:cobbled_deepslate":4,"minecraft:cooked_mutton":2,"minecraft:diorite":4,"minecraft:birch_planks":2,"minecraft:stone_pickaxe":128,"minecraft:wooden_pickaxe":20,"minecraft:rail":1,"minecraft:crafting_table":6,"minecraft:red_bed":2,"minecraft:white_bed":1,"minecraft:campfire":1,"minecraft:oak_log":4,"minecraft:apple":4,"minecraft:melon_slice":19,"minecraft:bread":10,"minecraft:iron_pickaxe":11,"butchersdelight:roaster":1,"minecraft:stone_axe":16,"minecraft:cobblestone":7,"alexsmobs:animal_dictionary":2,"minecraft:chest_minecart":1,"butchersdelight:rack":2},"minecraft:dropped":{"butchersdelight:dead_cow":1,"minecraft:wheat_seeds":3,"minecraft:cooked_beef":1,"butchersdelight:cleaver":1,"minecraft:rotten_flesh":1,"minecraft:cooked_mutton":5,"alexsmobs:emu_egg":1,"patchouli:guide_book":1},"minecraft:mined":{"butchersdelight:deadsheepblock":1,"minecraft:granite":1,"minecraft:acacia_log":7,"minecraft:grass_block":14,"minecraft:cartography_table":1,"minecraft:redstone_ore":2,"minecraft:furnace":1,"minecraft:iron_ore":8,"minecraft:acacia_wood":1,"minecraft:andesite":7,"minecraft:pointed_dripstone":13,"minecraft:deepslate_iron_ore":18,"minecraft:rail":2,"minecraft:stone":55,"minecraft:red_bed":2,"minecraft:melon":10,"minecraft:chest":1,"minecraft:cobblestone":6,"minecraft:copper_ore":4,"minecraft:sugar_cane":2,"minecraft:oak_planks":8,"minecraft:diorite":19,"minecraft:birch_log":6,"minecraft:brown_wall_banner":1,"minecraft:grass":7,"minecraft:oak_log":86,"minecraft:coal_ore":9,"minecraft:dripstone_block":1,"minecraft:dirt":20,"minecraft:cobweb":1,"minecraft:cracked_stone_bricks":2,"minecraft:acacia_planks":1,"minecraft:stone_bricks":1,"minecraft:oak_leaves":2,"minecraft:gold_ore":5,"butchersdelight:rackcow":1,"minecraft:deepslate":4}},"DataVersion":3465}