{"stats":{"minecraft:used":{"alexsmobs:animal_dictionary":2,"minecraft:dirt":1},"minecraft:picked_up":{"minecraft:dirt":3},"minecraft:custom":{"minecraft:jump":70,"minecraft:time_since_rest":14450,"minecraft:damage_taken":110,"minecraft:crouch_one_cm":187,"minecraft:leave_game":3,"minecraft:play_time":14450,"minecraft:sprint_one_cm":13843,"minecraft:time_since_death":14450,"minecraft:walk_one_cm":3280,"minecraft:sneak_time":99,"minecraft:total_world_time":14450,"minecraft:fall_one_cm":3137,"minecraft:fly_one_cm":11045},"minecraft:mined":{"minecraft:grass_block":1,"minecraft:dirt":2}},"DataVersion":3465}