{"stats":{"minecraft:custom":{"minecraft:interact_with_furnace":1,"minecraft:mob_kills":17,"minecraft:interact_with_crafting_table":10,"minecraft:leave_game":3,"minecraft:time_since_death":61705,"minecraft:sleep_in_bed":2,"minecraft:climb_one_cm":2519,"minecraft:time_since_rest":17303,"minecraft:sprint_one_cm":146056,"minecraft:damage_taken":725,"minecraft:walk_one_cm":204245,"minecraft:drop":3,"minecraft:damage_dealt":2319,"minecraft:swim_one_cm":375,"minecraft:fly_one_cm":88670,"minecraft:open_chest":4,"minecraft:crouch_one_cm":1171,"minecraft:play_time":61705,"minecraft:sneak_time":617,"minecraft:walk_under_water_one_cm":87,"minecraft:jump":727,"minecraft:walk_on_water_one_cm":3481,"minecraft:total_world_time":61705,"minecraft:fall_one_cm":16745},"minecraft:crafted":{"minecraft:oak_planks":20,"minecraft:wooden_shovel":1,"minecraft:crafting_table":5,"minecraft:wooden_pickaxe":1,"minecraft:furnace":1,"minecraft:stone_axe":1,"minecraft:stick":4,"minecraft:stone_pickaxe":1,"minecraft:wooden_axe":2,"minecraft:stone_sword":1,"minecraft:chest":1,"minecraft:white_bed":1,"minecraft:acacia_planks":28},"minecraft:broken":{"minecraft:wooden_axe":2},"minecraft:picked_up":{"minecraft:birch_log":6,"minecraft:chest_minecart":1,"minecraft:andesite":7,"minecraft:acacia_wood":1,"minecraft:oak_log":86,"minecraft:gunpowder":1,"minecraft:map":2,"minecraft:dirt":33,"minecraft:string":1,"minecraft:red_bed":2,"minecraft:raw_copper":14,"minecraft:bone":2,"butchersdelight:dead_cow":2,"minecraft:acacia_planks":1,"minecraft:apple":4,"minecraft:stone_bricks":1,"minecraft:cracked_stone_bricks":2,"minecraft:wheat_seeds":13,"minecraft:tnt_minecart":1,"minecraft:cobbled_deepslate":4,"minecraft:iron_ingot":1,"minecraft:sugar_cane":6,"minecraft:melon_slice":50,"minecraft:chest":1,"minecraft:birch_sapling":5,"minecraft:oak_planks":8,"minecraft:acacia_sapling":1,"minecraft:egg":1,"minecraft:stick":22,"minecraft:raw_iron":26,"patchouli:guide_book":1,"minecraft:torch":2,"minecraft:acacia_log":7,"minecraft:dripstone_block":6,"minecraft:pointed_dripstone":24,"minecraft:diorite":25,"minecraft:arrow":1,"butchersdelight:deadsheep":3,"minecraft:rotten_flesh":6,"minecraft:granite":1,"alexsmobs:emu_egg":2,"minecraft:bread":21,"minecraft:oak_sapling":44,"minecraft:coal":8,"minecraft:white_wool":3,"minecraft:rail":2,"minecraft:cobblestone":56},"minecraft:killed":{"alexsmobs:raccoon":2,"minecraft:creeper":3,"minecraft:skeleton":2,"minecraft:sheep":3,"minecraft:zombie":7},"minecraft:used":{"minecraft:diorite":4,"minecraft:stone_sword":52,"minecraft:stone_pickaxe":128,"minecraft:chest":2,"minecraft:wooden_pickaxe":20,"minecraft:wooden_shovel":15,"minecraft:torch":1,"minecraft:dirt":30,"minecraft:crafting_table":5,"minecraft:red_bed":2,"minecraft:white_bed":1,"minecraft:oak_log":4,"minecraft:wooden_axe":134,"minecraft:apple":4,"minecraft:bread":8,"minecraft:melon_slice":19,"minecraft:stone_axe":16,"minecraft:cobblestone":5,"minecraft:furnace":1,"alexsmobs:animal_dictionary":2,"minecraft:cobbled_deepslate":4,"minecraft:acacia_planks":10},"minecraft:dropped":{"minecraft:wheat_seeds":3,"alexsmobs:emu_egg":1,"patchouli:guide_book":1},"minecraft:mined":{"minecraft:red_bed":2,"minecraft:granite":1,"minecraft:acacia_log":7,"minecraft:grass_block":14,"minecraft:melon":10,"minecraft:chest":1,"minecraft:copper_ore":4,"minecraft:cobblestone":6,"minecraft:oak_planks":8,"minecraft:cartography_table":1,"minecraft:sugar_cane":2,"minecraft:diorite":19,"minecraft:birch_log":6,"minecraft:iron_ore":8,"minecraft:acacia_wood":1,"minecraft:andesite":7,"minecraft:grass":6,"minecraft:coal_ore":9,"minecraft:pointed_dripstone":13,"minecraft:oak_log":86,"minecraft:deepslate_iron_ore":18,"minecraft:rail":2,"minecraft:dripstone_block":1,"minecraft:dirt":20,"minecraft:cobweb":1,"minecraft:cracked_stone_bricks":2,"minecraft:acacia_planks":1,"minecraft:stone_bricks":1,"minecraft:stone":52,"minecraft:oak_leaves":2,"minecraft:deepslate":4}},"DataVersion":3465}