{"stats":{"minecraft:custom":{"minecraft:interact_with_furnace":9,"minecraft:mob_kills":18,"minecraft:interact_with_crafting_table":19,"minecraft:leave_game":3,"minecraft:time_since_death":73705,"minecraft:sleep_in_bed":3,"minecraft:climb_one_cm":11608,"minecraft:time_since_rest":8160,"minecraft:sprint_one_cm":168345,"minecraft:damage_taken":775,"minecraft:walk_one_cm":234108,"minecraft:drop":6,"minecraft:damage_dealt":2569,"minecraft:swim_one_cm":375,"minecraft:fly_one_cm":108316,"minecraft:open_chest":7,"minecraft:crouch_one_cm":1205,"minecraft:play_time":73705,"minecraft:sneak_time":640,"minecraft:walk_under_water_one_cm":87,"minecraft:jump":804,"minecraft:walk_on_water_one_cm":4601,"minecraft:total_world_time":73705,"minecraft:fall_one_cm":19102},"minecraft:crafted":{"minecraft:oak_planks":20,"minecraft:wooden_shovel":1,"butchersdelight:hook":2,"minecraft:iron_nugget":18,"minecraft:crafting_table":6,"minecraft:wooden_pickaxe":1,"minecraft:furnace":3,"butchersdelight:cleaver":1,"minecraft:birch_planks":24,"minecraft:campfire":1,"minecraft:stone_axe":1,"butchersdelight:rack":1,"minecraft:charcoal":3,"butchersdelight:roaster":1,"minecraft:stick":20,"minecraft:iron_ingot":14,"minecraft:iron_pickaxe":1,"minecraft:stone_pickaxe":1,"minecraft:wooden_axe":2,"minecraft:stone_sword":1,"minecraft:chest":1,"minecraft:white_bed":1,"minecraft:acacia_planks":28},"minecraft:broken":{"minecraft:wooden_axe":2},"minecraft:picked_up":{"minecraft:birch_log":6,"minecraft:chest_minecart":1,"minecraft:andesite":7,"minecraft:acacia_wood":1,"minecraft:oak_log":86,"minecraft:gunpowder":1,"minecraft:map":2,"minecraft:dirt":33,"minecraft:string":3,"minecraft:red_bed":2,"minecraft:raw_copper":14,"minecraft:cooked_mutton":6,"minecraft:bone":4,"butchersdelight:dead_cow":6,"minecraft:acacia_planks":1,"minecraft:apple":4,"minecraft:stone_bricks":1,"minecraft:cracked_stone_bricks":2,"minecraft:raw_gold":4,"minecraft:wheat_seeds":13,"minecraft:tnt_minecart":1,"minecraft:cobbled_deepslate":4,"minecraft:beef":3,"minecraft:iron_ingot":1,"minecraft:sugar_cane":6,"minecraft:melon_slice":50,"minecraft:chest":1,"minecraft:birch_sapling":5,"minecraft:oak_planks":8,"minecraft:acacia_sapling":1,"minecraft:furnace":1,"minecraft:egg":1,"minecraft:stick":22,"minecraft:raw_iron":49,"patchouli:guide_book":1,"minecraft:torch":2,"minecraft:acacia_log":7,"butchersdelight:skullcow":1,"minecraft:dripstone_block":6,"minecraft:pointed_dripstone":24,"minecraft:diorite":25,"minecraft:redstone":10,"butchersdelight:sheephide":1,"minecraft:arrow":1,"butchersdelight:deadsheep":5,"minecraft:rotten_flesh":6,"minecraft:granite":1,"alexsmobs:emu_egg":2,"minecraft:bread":21,"minecraft:oak_sapling":44,"minecraft:brown_banner":1,"minecraft:mutton":3,"minecraft:coal":8,"minecraft:white_wool":3,"minecraft:rail":2,"minecraft:cobblestone":58},"minecraft:killed":{"alexsmobs:raccoon":2,"minecraft:creeper":3,"minecraft:skeleton":2,"minecraft:sheep":3,"minecraft:zombie":7,"alexsmobs:terrapin":1},"minecraft:used":{"minecraft:cooked_mutton":1,"minecraft:diorite":4,"minecraft:stone_sword":58,"minecraft:birch_planks":2,"minecraft:stone_pickaxe":128,"minecraft:chest":2,"minecraft:wooden_pickaxe":20,"butchersdelight:hook":2,"minecraft:wooden_shovel":15,"minecraft:rail":1,"minecraft:torch":1,"minecraft:dirt":30,"minecraft:crafting_table":6,"minecraft:red_bed":2,"minecraft:campfire":1,"minecraft:white_bed":1,"minecraft:oak_log":4,"minecraft:wooden_axe":134,"minecraft:apple":4,"minecraft:bread":10,"minecraft:melon_slice":19,"minecraft:iron_pickaxe":11,"butchersdelight:roaster":1,"minecraft:stone_axe":16,"minecraft:cobblestone":7,"minecraft:furnace":4,"minecraft:chest_minecart":1,"alexsmobs:animal_dictionary":2,"minecraft:cobbled_deepslate":4,"minecraft:acacia_planks":10},"minecraft:dropped":{"butchersdelight:dead_cow":1,"minecraft:wheat_seeds":3,"butchersdelight:cleaver":1,"minecraft:rotten_flesh":1,"alexsmobs:emu_egg":1,"patchouli:guide_book":1},"minecraft:mined":{"minecraft:red_bed":2,"butchersdelight:deadsheepblock":1,"minecraft:granite":1,"minecraft:acacia_log":7,"minecraft:grass_block":14,"minecraft:melon":10,"minecraft:chest":1,"minecraft:copper_ore":4,"minecraft:cobblestone":6,"minecraft:oak_planks":8,"minecraft:cartography_table":1,"minecraft:sugar_cane":2,"minecraft:diorite":19,"minecraft:redstone_ore":2,"minecraft:furnace":1,"minecraft:birch_log":6,"minecraft:iron_ore":8,"minecraft:acacia_wood":1,"minecraft:brown_wall_banner":1,"minecraft:andesite":7,"minecraft:grass":6,"minecraft:coal_ore":9,"minecraft:pointed_dripstone":13,"minecraft:oak_log":86,"minecraft:deepslate_iron_ore":18,"minecraft:rail":2,"minecraft:dripstone_block":1,"minecraft:dirt":20,"minecraft:cobweb":1,"minecraft:cracked_stone_bricks":2,"minecraft:acacia_planks":1,"minecraft:stone_bricks":1,"minecraft:stone":55,"minecraft:gold_ore":5,"minecraft:oak_leaves":2,"minecraft:deepslate":4}},"DataVersion":3465}