{"stats":{"minecraft:crafted":{"minecraft:oak_planks":12,"minecraft:crafting_table":1,"minecraft:stick":4,"minecraft:wooden_axe":2},"minecraft:used":{"minecraft:wooden_axe":71,"minecraft:apple":3,"minecraft:dirt":7,"minecraft:crafting_table":1,"alexsmobs:animal_dictionary":2},"minecraft:picked_up":{"minecraft:stick":9,"minecraft:apple":3,"minecraft:acacia_log":2,"minecraft:oak_log":59,"minecraft:oak_sapling":31,"minecraft:dirt":9},"minecraft:mined":{"minecraft:acacia_log":2,"minecraft:grass_block":3,"minecraft:oak_log":59,"minecraft:dirt":6,"minecraft:oak_leaves":2},"minecraft:broken":{"minecraft:wooden_axe":1},"minecraft:custom":{"minecraft:time_since_rest":19901,"minecraft:crouch_one_cm":187,"minecraft:sprint_one_cm":18500,"minecraft:play_time":19901,"minecraft:damage_taken":110,"minecraft:walk_one_cm":18737,"minecraft:sneak_time":155,"minecraft:jump":123,"minecraft:time_since_death":19901,"minecraft:leave_game":3,"minecraft:total_world_time":19901,"minecraft:interact_with_crafting_table":2,"minecraft:fall_one_cm":3615,"minecraft:fly_one_cm":13721}},"DataVersion":3465}